pool,last_txn
2m9ZT6smigrmNKxSRe7to6HnYGMYTztsDiuoJM4k336j,4e3BNSz6FoZXdrLmhMgpuNgoq3wNCiUhUfA9X6qqPn2VG8AYaYYQXnzufGtHqwRYuitmuXVfZtNTQptxamLi4Ff7
5sjkv6HD8wycocJ4tC4U36HHbvgcXYqcyiPRUkncnwWs,oy1CzaM1cJfiEo5hG5jWT9x4PH7W5RZ7zpBC82BfYL2UwZq1o8M1SGeHTnY7rEVwFqkzYL7mEZqzPk71VYyNgnv
6a1CsrpeZubDjEJE9s1CMVheB6HWM5d7m1cj2jkhyXhj,AbeCHVEzfofEzeqjAU8xQ1KQbTFjbb3MFcMyRAjiqSSEhxin7ETge7g4s5sLo4gVb75dGVoChtnXcLxNJd3iAga
9bCjWxNQ2WQFuQzsV7g5S3m8qCQ8ub6pd13nWUoXz2eh,5vi4FEuo8xH5QcQ5GaTCWmeFdSR69nMqjzUF7PyDy9p2WfuJ4UdjoDbiCdBWNvZ4zPcuxMVQxKzHNkuqFAwNfimC
9euZD3C1d7e2fLKnUxHc7oUUDJcYnguMT6cRzLY9y4o7,gbmdH4jX2yduWhtY1kC7McibkR1ka7MD1JdmZwo8keCwWmvZ1T2KHPeo2d41eRPDsKYtcos6V8xfjanUsvWF1br
9F3J6RY7PTkDb3SUUpg725uXyCceBGCpZrtmYGJwgMwF,4DKysyMxQ8ZuDZF13doDrjNTW5ZM3wT9v6t5D2J9BYhbgvdEfpwqEcnRaWFdVD4Q1SpFf93MuASmnnj5gL5PEUYJ
85pJTrAVdjHNvgCcUtefwkSe9RDKnHueyvs2uTocWmWs,64mdhMTtXdVL61zBAD5ARva571DNnEJvw4YQqopD9BbaAuEdA5uZxHgTYaNtvs7MCWWfeD3sFs7tJ37D3rGKYwDW
B32UuhPSp6srSBbRTh4qZNjkegsehY9qXTwQgnPWYMZy,63zxgJBJm7VZZq5Nh4xebrsgjsM9HCmpQDv5PXz2u8Dfg9Bu61tyJffUYX1BwApYWrG7HSDJgzndgvUJnKEgbMnk
BcDSFjLGyZZdfyaU59PrKofogWXMByEx8sGF5pQs5eF1,4qLNSTLnneenQihtfRiBph7WiWCUwXiZXVmCRhcvSRhsS9jYPfiLj1kMhYjUNDKAyAsjvS6WArBijQTziUXkGHyQ
BQ5PvBUWWio1A19yHAck1LJKRC2ewQaCcT4VRCQuVcUy,2MmRRPZuKDoy1knYydjhcDUHGYYbbK8qbd1utCK36DkEp7ND1MqsJBQeTDFfDx8CkhvZqXVue9B8js7QZYK5kBRv
Br4WZq7N5gFK3WX8Ls1U15ePnQ1DnSKwx5k62X51LeLB,2inQSqsGxMGX3oN27KU5RGL588F2skTqSBXaNqr7vLkyiEvzJLphAYZHdN5uRWDJVg6r5nH5rqQKZ4n7gMX9ue9Y
CUQbwmFXySWXpBgycGTTj3gQNY8AnjD4DJRjgLeG1bVK,3BWNzD3VGSbZVRC2jaFZCd8CKfLVCzxzaYKaGhkwSWk71F8fxszPMbxjP9tDVJ4ZHQsJpJdWrfuSNBP6UvEQdHpn
EfK84vYEKT1PoTJr6fBVKFbyA7ZoftfPo2LQPAJG1exL,5kpNbEhid8xWR8hM4BEJxJMQmLuCvruzr3PUChdve7ZGkFxp6gpqMLR9p7HVE18v2p7nQ9drDavqa8AqA3StmHEY
EufS4F27HudL7rc8mBSUJCSZHVPDPLMo51MAVbSUvKZV,2MN7Q11S1mguFMoNUQQFWepwtW5kMs8nCwxGnr6gqxic5TxHDGmtfMcLDna4vWB23DDjnjLwTkZb8jfbWRF6NBX1
F8caiu7pwDYaK6S1BUtuxB9d5hicn7bQV5SMt9zPzog,4PgT9nsgyZHuSuyeXMg6wNyiwx7acGwJva4BtGrDf7PeqaFYaye9fj8bSAWjGCV89MTp4qypF8tepM5v4rPxLNYh
G4Bjsy5oYVQifvf8pRteX7Lk8YMe9EKf6BRhwGiCK76B,27CNTUVMgfqAxduge41A5gkz9PEph3KiYgiQbvcqRi5ZrJmm9xjk3SLcW9anmHKDkbiaPpchurnua3uHevqy2uQa
Lid8SLUxQ9RmF7XMqUA8c24RitTwzja8VSKngJxRcUa,5mDjsu7yEp1dyBjHjgpD5GBrDKvUa6MA3GX1PNkTCBbTCs8ZqXk4xHJV6K1frXagoaunQJHGwBfP9X6Gp4sE7juN
pG6noYMPVR9ykNgD4XSNa6paKKGGwciU2LckEQPDoSW,3vuMtEgM2bULLxmn6uznoEquccdieg91S2YT9GtgzoP8kQQDnafy8xLyfp3B3tMGzEkFVdaNAm1hisjEqPVvTXQu
